{"TrainLoss": [8.945546825726828, 8.535061200459799, 7.809933344523112, 7.090330441792806, 17.201099077860516, 9.487152258555094, 7.66774050394694, 8.524992942810059, 6.46266523996989, 7.559032917022705, 5.048354784647624, 6.637641429901123, 10.800296624501547, 6.615962902704875, 6.382891496022542, 8.60663890838623, 8.961143016815186, 11.682300249735514, 9.16944154103597, 8.444691816965738, 13.54784075419108, 8.281092166900635, 5.622282346089681, 9.990728775660196, 8.952857971191406, 14.806495984395346, 17.368069330851238, 11.871756235758463], "TrainF1": [0.05730010213803217, 0.06614714261773086, 0.11694145271678086, 0.12993297150393132, 0.15213847347305995, 0.1723492866624032, 0.15299697837408574, 0.18590080943022122, 0.22908290858601413, 0.18030334884182495, 0.21969247154064034, 0.16191202632389703, 0.2039965374018592, 0.19165855665945064, 0.14849754403315582, 0.18676212318730281, 0.18695716561101658, 0.14794584149024625, 0.21825739971693092, 0.12642945513697593, 0.13222483733721505, 0.18030994764123373, 0.21122804877811796, 0.19131837005635668, 0.17549292973723615, 0.11858119327503976, 0.1551065028050174, 0.1464720603818348], "ValLoss": [10.421197652816772, 4.216296017169952, 6.192441701889038, 15.286016464233398, 6.309395790100098, 10.067560195922852, 5.342595219612122, 6.639980137348175, 12.815489292144775, 7.1676682233810425, 11.393791675567627, 10.148228883743286, 16.853288650512695, 12.758172750473022, 21.939494132995605, 9.03921627998352, 6.722694396972656, 20.25506353378296, 21.995559692382812, 19.61961269378662, 17.82912015914917, 12.635258674621582, 10.330654859542847, 14.777059555053711, 12.65488576889038, 31.680111408233643, 22.24784755706787, 15.659832954406738], "ValF1": [0.004329004329004329, 0.17887667887667885, 0.08236808236808237, 0.20178829107400537, 0.3998438455842107, 0.1961904761904762, 0.1387031163816878, 0.48045112781954885, 0.1198781838316722, 0.10027472527472528, 0.08779761904761904, 0.2438095238095238, 0.10660997732426303, 0.09722222222222221, 0.11664050235478807, 0.07182539682539682, 0.21704931972789115, 0.14523809523809522, 0.004464285714285714, 0.02857142857142857, 0.19853081700907788, 0.1722985347985348, 0.11428571428571428, 0.1714285714285714, 0.17908902691511386, 0.08174603174603175, 0.052380952380952375, 0.0761904761904762]}