{"TrainLoss": [2.1053, 0.41684, 0.20874, 0.12959, 0.08981, 0.11667, 0.04909, 0.05816, 0.09044, 0.03271, 0.04027, 0.02456, 0.05025, 0.04815, 0.04091, 0.03472, 0.04303, 0.04324, 0.07221, 0.03579, 0.08893, 0.08018, 0.03772, 0.15256, 0.05414, 0.07013], "TrainF1": [0.16648, 0.91311, 0.94817, 0.95005, 0.95037, 0.94722, 0.97655, 0.97279, 0.89206, 0.98155, 0.95557, 0.98083, 0.97842, 0.96636, 0.98073, 0.96074, 0.98306, 0.98322, 0.9636, 0.9847, 0.97293, 0.96213, 0.89639, 0.9359, 0.9644, 0.97552], "ValLoss": [0.90757, 1.91577, 1.90881, 1.77687, 1.57286, 1.6685, 2.11152, 2.45268, 2.63473, 2.73988, 2.7379, 2.69105, 2.73059, 2.85277, 2.97783, 2.9767, 2.84408, 2.53747, 2.31179, 2.22797, 2.27381, 2.48983, 2.70512, 2.41774, 1.98802, 1.72466], "ValF1": [0.63064, 0.63327, 0.60711, 0.6199, 0.63652, 0.62511, 0.62511, 0.62511, 0.62511, 0.62511, 0.62511, 0.62511, 0.62511, 0.62511, 0.62511, 0.62511, 0.62511, 0.62511, 0.62511, 0.62511, 0.62511, 0.62511, 0.47446, 0.62511, 0.63652, 0.63652]}