{"TrainLoss": [3.3103, 0.55249, 0.38169, 0.23864, 0.10293, 0.1787, 0.14113, 0.12537, 0.13211, 0.13617, 0.12037, 0.0663, 0.12511, 0.07268, 0.06568, 0.05364, 0.05451, 0.05659, 0.055, 0.04189, 0.03749, 0.07583, 0.06142, 0.09379, 0.06945], "TrainF1": [0.11423, 0.773, 0.77474, 0.80588, 0.93132, 0.94826, 0.93544, 0.94848, 0.89056, 0.94568, 0.93515, 0.97699, 0.97558, 0.97916, 0.97452, 0.98334, 0.97946, 0.97554, 0.97893, 0.9853, 0.97136, 0.96999, 0.98483, 0.96953, 0.96358], "ValLoss": [0.6992, 0.92296, 0.90421, 0.79538, 0.83213, 0.90422, 0.96431, 0.97679, 0.98508, 1.03337, 0.99754, 0.96414, 0.91047, 0.86391, 0.79285, 0.71715, 0.67693, 0.66204, 0.66856, 0.66914, 0.66327, 0.65431, 0.62437, 0.58405, 0.57276], "ValF1": [0.77721, 0.62146, 0.69762, 0.82098, 0.72473, 0.72473, 0.80231, 0.75561, 0.71536, 0.71536, 0.71536, 0.75561, 0.75561, 0.75561, 0.75561, 0.71536, 0.71536, 0.72635, 0.71536, 0.82098, 0.82098, 0.82098, 0.82098, 0.79388, 0.79388]}