{"lr": 0.010376572558743613, "weight_decay": 0.001189744697489247, "dim_h": 96, "heads": 15, "dropout": 0.30000000000000004}