{"lr": 0.015675177153088887, "weight_decay": 0.0004114059237343954, "dim_h": 480, "heads": 16, "dropout": 0.5}