{"TrainLoss": [3.1068918704986572, 2.1874698400497437, 1.8477637767791748, 1.6354987223943074, 1.6133929093678792, 1.5585649808247883, 1.498478651046753, 1.5080567995707195, 1.3934802214304607, 1.3124156792958577, 1.3836075862248738, 1.2820079326629639, 1.2096012433369954, 1.2581751346588135, 1.3402056296666462, 1.4472884337107341, 1.4113461176554363, 1.381500283877055, 1.227564533551534, 1.212566574414571, 1.1984968582789104, 1.10451340675354, 1.0656895836194356, 1.0393296678860982, 1.0530280272165935, 1.023676832516988, 1.1749121348063152, 1.204021652539571, 1.0517832040786743, 1.1012691259384155, 1.145438313484192, 1.1709756056467693], "TrainF1": [0.027216165037695684, 0.17456323434266316, 0.19106190878389517, 0.2726201892645516, 0.33580125255849896, 0.3746571320329084, 0.3543990683648835, 0.2708294902600569, 0.38740639157716333, 0.4332015041624431, 0.3913135861388846, 0.353834663711955, 0.4705824219488816, 0.4333875414240144, 0.42273949801151245, 0.3349264334939841, 0.3364159551493986, 0.3238521434010156, 0.4020416237883792, 0.4994281534935496, 0.4238476152089075, 0.4190023515913202, 0.4518884947157102, 0.4051627738223957, 0.41797139332281535, 0.5139357334605416, 0.5557491571010408, 0.44376617298094884, 0.36329625583320163, 0.4667510148614024, 0.4443263039119986, 0.500869732508388], "ValLoss": [2.1803600788116455, 1.8369861245155334, 1.9047264456748962, 1.5774855017662048, 1.7040342688560486, 1.6859371662139893, 2.1843655705451965, 2.504662334918976, 1.8449788093566895, 1.7962785363197327, 2.7626564502716064, 1.664258599281311, 1.8650282621383667, 2.330149292945862, 4.861739277839661, 2.160242199897766, 1.7956621646881104, 1.5993924736976624, 1.322960615158081, 2.0846113562583923, 1.4424737691879272, 2.0836474299430847, 3.027494192123413, 1.613619327545166, 1.3471476435661316, 2.5670050382614136, 2.2713462114334106, 1.6556825637817383, 2.2348283529281616, 1.9665687680244446, 2.923220634460449, 1.4275653660297394], "ValF1": [0.15404040404040403, 0.2556277056277056, 0.09141156462585033, 0.23136054421768706, 0.2628401360544218, 0.31006385010144405, 0.23109668109668108, 0.17775528565002252, 0.3477891156462585, 0.3421428571428572, 0.25727264590046545, 0.47344028520499104, 0.33363303363303365, 0.34545454545454546, 0.25864661654135335, 0.18170426065162906, 0.18510562119584675, 0.2369047619047619, 0.32174515960230243, 0.28739932336570995, 0.25925447101917687, 0.22162274000509297, 0.18600803957946815, 0.16253234627184207, 0.25535714285714284, 0.32879933349858165, 0.33154761904761904, 0.2902236652236652, 0.2270833333333333, 0.2713675213675214, 0.31064015349729635, 0.21146125116713355]}