{"TrainLoss": [2.2208065390586853, 2.273545980453491, 1.5914490818977356, 2.173064708709717, 2.0253289341926575, 1.6677847504615784, 1.8044123649597168, 1.6243633031845093, 1.7411345839500427, 1.7579704523086548, 1.9220747351646423, 1.506037950515747, 1.4042491912841797, 1.6522325277328491, 1.5410709381103516, 1.700364351272583, 1.4207757711410522, 1.6290760040283203, 1.4650158286094666, 1.7139371633529663, 1.5796743631362915, 1.5766727924346924, 1.4884984493255615, 1.3944464921951294, 1.4987080097198486, 1.4635580778121948, 1.5736596584320068, 1.6340891122817993], "TrainF1": [0.008658008658008658, 0.10840336134453782, 0.3183489542536621, 0.16409402744148505, 0.08847414934966236, 0.2843361482524044, 0.19079567049491863, 0.12197233408413533, 0.18107339089481947, 0.1776942355889724, 0.054669641135806545, 0.1201360544217687, 0.34297007091124737, 0.12113095238095237, 0.12694933815477108, 0.12867608581894296, 0.2438543599257885, 0.2070596946912736, 0.21671027385313102, 0.20788497217068647, 0.17534856284856287, 0.2959478021978022, 0.2347300222300222, 0.22210828775954825, 0.23897679739418232, 0.1373094899410689, 0.12629411490891568, 0.11021672182386469], "ValLoss": [4.281877040863037, 2.5231871604919434, 2.2766339778900146, 1.933380126953125, 1.8696649074554443, 1.9981968402862549, 2.0873937606811523, 2.114795207977295, 2.2065227031707764, 2.271987199783325, 2.217888832092285, 2.3094630241394043, 2.7109134197235107, 2.6792538166046143, 2.465178966522217, 2.2070505619049072, 2.0314762592315674, 2.0259385108947754, 2.1694142818450928, 2.254256248474121, 2.26122784614563, 2.2653391361236572, 2.2843027114868164, 2.2854318618774414, 2.336796283721924, 2.3443174362182617, 2.228712797164917, 2.0567145347595215], "ValF1": [0.0, 0.2875, 0.14285714285714285, 0.30952380952380953, 0.16, 0.14285714285714285, 0.12820512820512822, 0.3333333333333333, 0.16666666666666666, 0.0, 0.0, 0.0, 0.0, 0.0, 0.07407407407407407, 0.21904761904761905, 0.2074074074074074, 0.15, 0.1875, 0.0, 0.0, 0.0, 0.0, 0.05555555555555555, 0.11428571428571428, 0.0, 0.0, 0.08333333333333333]}