{"TrainLoss": [2.1112, 0.73346, 0.20899, 0.2285, 0.09974, 0.09048, 0.06668, 0.0923, 0.0777, 0.07173, 0.07524, 0.07286, 0.09468, 0.05776, 0.05277, 0.07711, 0.0679, 0.24303, 0.06088, 0.129, 0.07471, 0.06768], "TrainF1": [0.18475, 0.77453, 0.90594, 0.90259, 0.91345, 0.95104, 0.96475, 0.96982, 0.96006, 0.94897, 0.96008, 0.92356, 0.95958, 0.95699, 0.96798, 0.9604, 0.95082, 0.90999, 0.96955, 0.95689, 0.95672, 0.96703], "ValLoss": [0.61086, 0.64968, 0.36652, 0.30068, 0.48191, 0.71845, 0.95703, 1.08527, 1.44512, 1.16305, 0.97217, 0.84603, 0.92093, 1.022, 1.04365, 0.79201, 0.54221, 0.66487, 1.33131, 0.80826, 0.39566, 0.36736], "ValF1": [0.87566, 0.72248, 0.79419, 0.84408, 0.80581, 0.80581, 0.74376, 0.75768, 0.80581, 0.80581, 0.80581, 0.80581, 0.77832, 0.77832, 0.80581, 0.80581, 0.84408, 0.80581, 0.75993, 0.80581, 0.87486, 0.85729]}